square_feet,bedrooms,bathrooms,age,garage,location_score,condition,Price
2397,3,2.056944530885957,26,0,6.009474023585343,good,500000
1889,4,3.278352038424371,2,3,6.179814830974343,fair,500000
2518,1,1.0,11,3,7.244298781044974,excellent,500000
3218,4,3.080577683658977,0,2,5.697024931148512,fair,500000
1812,3,2.7085405279237595,13,3,7.267249363042792,good,500000
1812,2,1.6523507268868871,21,1,9.402731060090343,good,500000
3263,2,1.66148882371489,2,2,7.723251533666394,excellent,500000
2613,4,3.3217522011929406,6,2,6.427867239003841,poor,433502
1624,3,2.140514181137134,10,1,6.225274293420058,excellent,500000
2434,4,2.748237099798298,50,2,5.964990298730193,excellent,500000
1629,2,1.18655724179369,99,3,8.270961368678217,good,422722
1627,3,1.6600930231871995,0,0,5.559029831073046,good,439919
2193,3,2.8668621389820967,28,2,6.567834063499974,good,500000
500,4,2.669037490283495,9,1,6.576796852821628,excellent,371271
620,3,2.1836239129242685,9,1,5.747323710782702,good,450543
1550,4,2.916956010033324,28,3,4.441301678173849,good,500000
1189,5,3.84222200934273,50,2,6.984461755426502,good,500000
2251,4,3.244721163761789,60,2,6.408494042216924,good,500000
1273,3,2.5081420465079236,17,3,7.250360704154855,fair,428616
870,1,1.0,8,1,5.69959954034125,good,375891
3172,5,3.6998634858640767,30,2,8.331231948219571,good,500000
1819,1,1.0,5,2,5.184839328182233,good,344593
2054,5,3.6753926621449358,16,2,9.06806042602684,poor,500000
860,3,2.7322036728059977,8,4,3.8785452352576075,poor,281349
1564,5,3.8972924854914752,21,3,7.152155096835337,fair,500000
2088,4,3.2204633358149453,5,2,7.213146023789935,good,500000
1079,6,4.698864380600224,4,3,5.306664398088676,excellent,500000
2300,3,2.6020421572455974,50,1,7.136590906791519,good,500000
1519,4,3.054306467611112,2,0,8.419278004640239,good,500000
1766,3,1.860950415613246,14,1,3.1747717409689034,good,362783
1518,3,2.3699063855257925,4,2,7.254117211236222,fair,417174
3481,4,2.804592931862451,0,2,2.7600937695048837,fair,500000
1989,5,3.591414995475073,0,2,5.051502794715188,fair,500000
1153,6,4.675909205626528,3,3,8.943749547351418,good,500000
2658,4,3.3714849214300906,40,2,5.627326949911919,good,500000
1023,3,2.2563814730208187,6,2,4.739180053386541,good,459489
2167,3,2.342649903779689,60,1,6.203093406522977,excellent,500000
500,4,3.5106644833905714,17,0,9.601859507245328,fair,337557
937,3,2.3222259538465706,11,2,3.752476629190961,excellent,430658
2157,2,2.2805049342541186,17,2,4.923035132540983,good,500000
2590,3,2.419652893689463,14,3,8.74614752476944,good,500000
2137,3,1.7217711722532547,28,1,9.286553515306599,good,500000
1907,3,2.47600248633136,6,0,6.344853163564574,fair,414092
1759,3,2.3643475154648335,8,2,4.641420946210037,good,432924
817,1,1.1369258262248236,44,1,9.643765252713738,fair,319819
1424,1,1.0,58,0,8.891663587623796,good,424085
1631,6,4.458463204804868,44,2,7.51842048164335,good,500000
2845,3,1.8827105291131903,10,1,5.28139647659387,fair,481879
2274,3,2.1872930228141922,30,2,6.426455988742945,good,500000
589,4,2.74484386373721,12,2,6.259459878432754,poor,361572
2259,3,2.075842965058583,13,1,6.996276956923366,good,500000
1691,5,3.926573521326183,4,2,8.676502157197003,good,500000
1458,4,3.500971351305422,17,3,7.819125561706105,good,500000
2489,2,1.6184014589468942,4,2,4.883935884522863,fair,436372
2824,3,1.8912350813894447,8,3,8.564744675029306,excellent,500000
2745,5,3.883380800466042,38,1,6.969698210019733,fair,489822
1328,5,4.1089894459936955,4,3,7.530598693788375,good,500000
1752,3,2.0670651287041855,1,1,8.699811288917903,good,476645
2265,4,2.959794849998125,1,2,4.832629625729673,good,500000
2780,2,1.504406458418759,56,2,6.446261631940305,good,500000
1616,6,4.264530506075328,14,3,5.7028181729611775,good,500000
1851,3,2.4444841301531577,10,2,4.148210861951816,fair,301189
1114,5,3.7137155554176657,33,1,7.0200649664073795,good,474577
1043,4,3.1258597331721085,36,0,10.0,good,500000
2650,4,2.73375234665937,8,3,3.739883383241371,good,500000
3084,3,2.118762509902977,23,2,6.451579083425795,excellent,500000
1942,3,2.4667144073483316,29,3,7.46081440261216,good,500000
2802,2,1.3881500543724699,21,1,6.684617302484272,good,500000
2289,3,2.7680891553700215,3,2,6.33030792122639,good,500000
1483,2,1.3801091443156193,41,0,4.551175454831263,excellent,427503
2289,4,3.0674054177255656,15,4,6.849180114410245,good,500000
3230,3,2.529777249561927,6,2,5.36485403447611,good,500000
1971,2,1.0744902801200906,11,3,3.2151174425321702,good,330724
3251,5,3.2217573564057673,0,2,8.291888330770597,good,500000
500,5,3.2923031056289718,2,2,7.937578729763064,excellent,500000
2657,5,4.128775231028155,29,2,6.57749146527662,fair,500000
2069,6,4.334442556232266,0,2,6.843612032308554,fair,500000
1760,2,2.267459785700476,10,3,8.111477019073343,fair,453643
2073,3,2.0807257204027834,14,3,6.836509485167124,excellent,500000
500,4,3.055365390959111,1,3,7.856026332141972,fair,500000
1824,4,3.462632985770363,72,2,6.053776698689225,fair,500000
2285,2,2.101827866447737,5,2,8.46797560786092,fair,449658
3182,4,3.6184510729909194,7,2,6.981178588899025,excellent,500000
1585,3,2.6125098691779427,7,4,6.7910779154088114,good,500000
1353,3,2.557218757743439,5,0,4.594908366931952,fair,264959
1598,3,2.427758084760355,0,2,6.930433781452563,good,500000
2732,4,3.2335083228499912,26,2,5.2520676237583235,good,500000
2263,4,2.83464428510144,68,2,5.542575910207258,good,500000
1576,2,1.2545403349733077,5,4,5.2769365575258185,good,500000
2410,5,3.7489876627767145,21,2,4.900647602151162,excellent,500000
2077,3,2.1989446132425217,27,2,9.687157104525443,good,500000
2774,2,1.3640315852018174,37,1,8.497008592982604,excellent,500000
1438,5,3.9589162342370146,10,2,9.380551253216392,good,500000
1737,5,4.036591562571153,7,2,4.665657470666654,good,500000
1686,5,3.776522065887554,7,2,6.6068806248663385,good,500000
829,4,3.4432590243165784,24,3,4.559738562193856,excellent,500000
2236,4,2.6574932657599484,33,3,5.456457684204404,good,500000
2208,4,2.9419021622160844,4,1,5.122809524875137,fair,455761
2004,2,1.2849533038191585,9,2,8.359376009662341,excellent,500000
1812,3,1.690039014878082,46,3,5.90565548284736,excellent,500000
867,3,2.22519579424719,32,1,8.102569000541024,excellent,500000
1663,3,2.213475747485015,83,1,7.406181334382777,fair,442436
1725,4,3.4540349229726393,28,1,9.955458128157183,good,500000
1358,3,2.4392435053664334,9,2,4.280833665290414,good,401645
1870,2,1.1927439527012385,17,1,8.388849859680198,excellent,500000
2323,3,2.8062277699002562,21,4,8.219661305601091,good,500000
3508,4,3.366310108657606,1,2,5.039931742959448,fair,500000
2139,2,1.6746293110405848,15,2,8.01070000470974,fair,401189
2206,5,3.6820547703450504,24,1,7.004217444539343,good,500000
1940,3,1.962168228982956,3,2,6.158785610069888,excellent,500000
500,3,2.138337967178684,30,2,5.264096769542,excellent,480759
1978,4,3.3266245859112558,17,3,5.421335822826221,excellent,500000
2048,4,3.565375891780383,60,3,9.57471814367889,good,500000
3970,3,2.7129730584816567,0,2,6.501024228436224,excellent,500000
1846,4,2.8533451734641178,6,3,7.673195002297189,good,500000
2241,4,2.6641147700132968,18,3,5.313650927498671,good,500000
1972,3,2.2922658740733612,7,3,5.330220580667541,fair,489048
1065,5,3.2194681903311446,25,1,8.122977213874913,good,500000
2914,4,3.0969503142554347,28,0,4.475635682672702,fair,500000
2601,4,2.9557192241103993,2,1,5.877179348142093,fair,493818
2632,5,3.6101890494395272,14,2,6.551041116608348,excellent,500000
1272,5,3.2715890798199614,14,2,6.667058902760079,fair,489355
3122,4,3.154080031970915,9,2,6.231360072475765,good,500000
878,4,2.8401897481014267,54,3,7.093729671643885,good,406064
2469,4,2.649024949286914,35,3,7.5392836337267175,good,500000
3752,4,2.138321336015505,23,3,7.601956318188995,poor,500000
1207,4,2.991745528484809,25,2,5.02129428699826,good,500000
1546,4,3.5316754790009233,12,2,6.073767353106804,good,500000
2079,2,1.998377764364361,50,2,8.292144292815406,fair,358429
1597,5,3.6128711230241186,23,1,7.841970781360809,excellent,500000
759,5,3.569336381891466,26,1,4.440710822778405,good,500000
2054,1,1.0,39,2,7.027219850528303,fair,388588
1150,4,2.7004843682435125,6,2,3.532662125937785,fair,409146
2378,2,1.5905375699458397,32,3,6.570402353090555,poor,402291
1264,3,2.479824083515407,4,1,9.346650525118966,poor,379073
3239,4,3.368079967165292,8,2,5.078160924096521,excellent,500000
1373,2,1.4699537770560143,8,2,5.248515431762627,fair,287729
1742,4,2.9388978749469103,76,2,7.646044672359289,good,500000
2650,4,2.7366052239730316,38,2,4.185797727185531,good,500000
1015,3,2.001935893788042,24,2,5.550867455172441,excellent,481392
2181,1,1.0,25,2,7.394661706372629,good,484067
3045,3,2.3602096520448534,16,2,5.548571228465895,poor,419438
714,4,3.2740753878699747,58,1,6.146045019183543,fair,352962
2147,6,4.259046314795897,13,1,7.616278565472552,good,500000
2207,4,3.4478065706878565,9,2,7.132319125304842,excellent,500000
2625,3,2.1686629196872294,3,3,6.900227594443103,good,500000
1010,4,2.993589811695469,30,2,5.991316581094942,fair,440675
943,3,2.025836496255653,26,2,7.055091672903433,fair,364366
2417,4,2.2727279219181176,9,2,6.314400979850365,good,500000
2237,2,1.765213618908315,0,3,7.1867084148886775,excellent,500000
2200,4,3.22105316912773,36,3,5.754601962323033,good,500000
2277,3,2.165601732864536,0,2,6.226146538430688,good,500000
1455,5,3.7700972151674614,24,2,5.015063311171979,fair,405496
2185,3,2.40478176531123,70,3,6.447488584990646,good,500000
2234,4,2.531236242934037,11,2,5.283498704556733,good,500000
1428,5,3.5912841967961118,5,2,4.82893032475701,good,462435
3492,2,1.7382794038865481,24,0,6.887991721783083,excellent,500000
2379,5,3.373713173049225,33,3,6.819109663786491,poor,481149
1046,4,3.088067379649989,15,3,7.6743106024228585,good,500000
2525,2,1.0930254586129786,68,1,5.853311645637351,good,500000
1220,3,2.3899289947300577,1,2,7.112079270255133,good,498562
2629,4,2.989307555310755,14,2,7.3261963584104945,good,500000
2926,2,1.015460455228347,25,1,7.1671607117473926,good,500000
1343,4,3.3494218063371513,39,4,5.261519475796787,fair,456207
2770,3,2.029622526960585,3,1,6.724045223406783,good,500000
2330,4,2.756924268895686,32,1,7.046210444081992,good,500000
2657,1,1.0,16,2,6.510767700361913,excellent,500000
3517,5,4.094591204828615,10,2,3.3702835124433728,good,500000
1803,6,4.195253454306481,2,0,6.74073443596022,excellent,500000
1397,5,3.7685039549543915,40,2,9.818796559095864,good,500000
1288,4,3.1286449500991718,3,2,5.959941096864526,fair,437701
1347,2,1.7079316821789432,7,1,5.407884353217018,fair,304844
1938,4,3.0529324665831674,6,1,7.060022839567098,good,488821
2272,1,1.0,41,2,6.9685673156998575,good,453082
2221,1,1.0,22,2,8.289102748124622,excellent,500000
2661,3,2.2758431649139124,31,3,4.613197766136668,good,500000
2010,3,1.928358296404318,5,3,7.5970703788624885,fair,483426
3162,4,2.1235948549516177,19,4,7.385633091877195,good,500000
1788,4,3.1309679412473,16,2,6.286780194589181,good,500000
4176,3,2.5211804523258587,35,4,7.008030976882535,fair,500000
2500,3,1.5411202693374486,47,2,8.044186222397535,fair,473617
1314,6,4.1970807885870185,0,2,7.808473070042675,good,500000
1143,3,2.4357462783015595,22,1,4.785471031889407,good,460762
2385,3,2.86724864091351,1,1,7.730237280133227,excellent,500000
1821,2,1.5062381123026223,15,2,6.402967092451222,excellent,500000
2571,4,2.7815991176312598,6,2,6.6093111470232735,fair,500000
2378,4,2.945131067668548,7,1,6.6097954865025415,fair,500000
1941,3,2.6624629257444554,8,2,6.2746355168026104,fair,470138
1322,2,1.3062107462626393,19,2,8.287561245660598,excellent,477818
788,4,2.760242398004924,8,2,6.3744230602261815,fair,393213
1642,4,2.8551769433453904,26,2,4.820680807425247,good,458832
2685,3,1.9640014175223863,10,3,5.909705216045407,good,500000
2171,5,3.7868010947984385,1,3,6.768042075215713,good,500000
1003,2,1.9874035375408683,30,2,8.343822176445576,excellent,500000
2138,3,2.3469237819348088,6,2,7.40464202742325,fair,488991
2308,5,3.674293949362114,11,2,5.224197081879434,good,500000
1292,3,2.162456619325337,23,3,10.0,excellent,500000
2122,4,2.531042757391003,8,2,6.897162966466969,excellent,500000
2046,3,2.5149329331441477,1,1,8.413086106998522,excellent,500000
1085,3,2.2266488408961593,9,1,6.272428349634156,excellent,466961
2286,6,4.445856025922812,57,2,7.300038867058174,good,500000
2448,3,3.2079322703534583,20,2,7.759202756777607,fair,500000
2866,5,3.8396258725097057,22,3,8.327292067631383,excellent,500000
2843,3,2.0244626849714447,20,1,8.086052458067337,excellent,500000
897,3,2.122092721138337,4,2,7.808295500109467,good,444626
1249,1,1.0945337127590264,10,3,6.027369903208837,fair,328305
2412,4,3.0339811231613294,27,3,5.642380937065908,good,500000
2411,3,1.81851660650479,2,2,6.998911265486297,good,500000
2412,5,4.025768680372561,6,2,7.899692108511604,good,500000
5000,3,2.049556774338302,6,2,6.165918948835089,good,500000
2456,5,4.311989332865264,11,3,8.09775794857158,excellent,500000
2908,2,1.8240144197143946,78,1,8.67892511822927,fair,500000
2763,5,3.615803431302375,1,3,5.125518621389871,good,500000
2521,4,3.3843049085205337,14,2,5.24461894430558,good,500000
1747,4,3.020356653158221,3,2,6.2894374116419955,fair,495883
2607,4,3.2558321025366657,70,0,6.961419002283795,good,500000
1381,4,3.1454198451883424,2,2,5.713149479349424,good,435760
1810,4,2.7460930035027378,10,2,8.528304018300716,good,500000
1611,2,1.3069350503047614,26,1,7.136100292277677,excellent,500000
2065,1,1.0589882452743484,24,2,6.55917057236111,excellent,500000
3851,5,3.6495674003680376,10,4,4.346135714197208,good,500000
506,4,2.878905461027401,8,2,4.5262762753587396,fair,304586
2549,4,2.713463226195194,10,2,6.9215138754227095,poor,423214
709,3,2.377079719678038,6,1,3.301106560767746,good,365084
1622,2,2.1187574757729433,4,2,8.018956114466107,excellent,500000
2871,2,1.1797401257237181,13,1,6.26276923344152,excellent,500000
2051,4,3.0072658370018273,6,2,10.0,fair,500000
1137,3,2.6736661666246286,6,3,9.961874375924166,good,500000
1427,3,2.2261075826262853,21,2,6.227826396128725,good,471364
2543,3,2.3857115388749204,69,1,6.340494496203028,fair,473951
1415,2,1.1812819415559361,18,2,7.993372271003045,fair,429514
2173,4,3.1284921291622947,1,2,9.054758914877056,fair,500000
2036,3,2.1938567204986352,1,2,4.042956413845975,excellent,500000
1478,4,3.295718998703959,60,3,3.82043680196797,fair,376543
3715,3,2.6062158154694255,7,3,5.566947791668428,fair,500000
2507,3,3.026869092605584,1,2,7.374106374760797,good,500000
500,1,1.0,18,2,7.245310385761396,good,277841
2149,2,1.59773889497465,19,2,8.104657182475776,good,500000
1470,3,2.308315290473201,20,1,4.700453707452038,poor,313590
2681,3,2.1440501121567936,6,2,3.0257842055466853,excellent,500000
1365,4,3.1015451530385074,0,2,7.787021292953218,good,500000
1908,3,2.161379576958291,67,2,5.257705590552148,excellent,500000
2403,4,3.0505382928808844,5,2,3.472268203417043,fair,497943
2692,5,4.145279260682388,22,1,6.717595618939073,excellent,500000
1039,4,2.6980372304161078,24,2,7.689763532328016,good,500000
1732,1,1.0919635683387137,18,1,6.316914301818084,good,413578
1620,3,2.6451345202019594,7,1,5.813227420726266,fair,451782
1477,2,1.4645794419026763,6,3,6.26095665178114,good,500000
3412,3,1.6134435302974217,18,0,5.944125856398825,excellent,500000
2323,6,4.31765340387167,40,2,4.477929332089749,fair,500000
991,2,1.8890983639683327,58,1,5.427978984514352,good,320535
2734,3,2.243139581310335,2,3,7.281919857520721,fair,494822
3697,4,2.7002093303115267,3,2,6.98251781206475,excellent,500000
2825,4,2.8485675236315346,57,1,6.752089708950231,good,500000
784,4,3.252186007951366,26,2,5.007277277219931,good,417657
1612,1,1.0,42,2,6.227745256796499,excellent,418699
3013,3,2.1783203702490916,4,4,3.234402430335718,good,500000
1433,3,2.139952676455594,17,1,6.767714995828085,good,500000
2355,2,1.3824725552868535,24,3,8.643286561720352,fair,433203
2619,3,1.9732769446504492,22,3,4.288801801936842,good,475090
1258,1,1.2346127068408326,10,3,5.621108490023367,good,379670
1952,2,1.403303859236598,0,2,6.993660168065194,good,500000
500,3,2.615147556247649,17,2,8.379263951641226,poor,316474
1180,2,1.9563948155767354,5,2,5.827663075549776,good,390365
1797,4,3.299493269444388,11,3,5.461624506101155,good,500000
1001,4,2.8705139061845855,63,2,3.546615286375875,good,434218
3305,4,3.121119027100983,10,2,6.655157193962159,good,500000
855,3,2.242741318082725,36,2,9.563114060215616,good,386664
1647,2,1.2288894417809615,4,2,6.916037692947014,fair,378331
2104,2,1.597307784516481,22,3,6.46658153122443,good,500000
3153,4,2.6462880626520593,75,1,6.983123466150478,fair,500000
851,4,3.3563038165384693,2,3,6.483361994077097,excellent,500000
2930,1,1.0,0,2,5.280478441609805,good,496839
2008,5,3.8103478967618516,11,3,7.734919873516558,fair,500000
1214,2,1.5849863614638426,1,2,6.838642284667632,excellent,500000
2369,3,2.1723285078887766,27,2,6.526419877900486,poor,373268
2159,4,3.1760081404425824,49,3,5.036950959082625,good,493030
1519,5,3.6075289030132427,11,2,8.455261897902139,fair,500000
2055,4,3.2613891892371734,5,3,7.497054117999665,good,500000
1691,4,2.5962060959259756,11,2,5.670618743949047,good,500000
2090,3,2.2879138738639235,25,2,8.002737280522906,excellent,500000
2529,4,3.5816786997174854,0,2,5.753643742422189,good,500000
3268,2,1.1999006026183276,17,2,5.326994761233444,excellent,500000
1009,5,3.5466765088425447,19,2,5.360445323779569,excellent,500000
3706,3,2.4041723548976743,20,0,3.8433971703678633,excellent,500000
500,4,3.053874534581879,5,2,7.207313570627308,good,492761
1878,3,2.3551890297820677,25,0,3.7532826824924745,fair,497309
2470,4,3.146756139044299,1,4,4.6573342531013555,excellent,500000
2224,3,2.440416440568531,4,4,3.3866179863822,excellent,500000
1501,4,3.332909952586867,41,2,6.37089546081366,good,500000
1833,2,1.6229455970785538,26,2,6.274519309592192,excellent,496163
1605,2,1.4276227036144373,0,2,6.009955680220454,excellent,500000
1528,3,2.451772110360819,5,2,4.936133457994136,excellent,500000
2679,2,2.0699645804685645,4,3,4.74164936984504,fair,420656
2285,5,3.710209876085228,6,3,7.196554795319861,fair,500000
1445,3,1.9576412085988075,5,2,5.674172102437268,good,486102
2719,6,4.832124200786092,1,3,6.974537482304217,good,500000
2245,3,2.2138856508139204,12,2,5.172126970813666,good,500000
2650,2,1.0,26,4,6.771594114156623,good,500000
2503,4,3.2542265031451265,18,0,8.454917055974096,good,500000
1336,4,2.839401544213823,22,2,7.379248700589175,good,500000
1551,3,2.2228400153087517,1,2,5.88137927267528,good,427036
2597,4,3.0995940991707043,60,2,6.885798455533891,excellent,500000
2488,4,3.0571499039337198,36,1,6.1390022382046805,good,500000
1983,3,2.462835545141712,32,3,6.5118202770420925,fair,461691
2093,6,4.369354088829047,34,1,6.011583421777244,good,500000
3022,6,4.653931739452825,53,2,6.253497191171913,fair,500000
1526,4,2.922135996724825,15,1,6.818140029611262,poor,316917
2437,2,1.721643144266251,4,2,5.0099619506270745,excellent,500000
1838,4,3.184610245203916,19,2,4.976181759515033,good,500000
1825,2,1.2193683893866214,27,2,4.417186169253183,good,459841
2879,1,1.0757946348525096,26,1,4.099593343244435,poor,384742
2660,3,2.0892109664657856,14,1,4.674075961669281,poor,477806
2650,3,2.4924173394843434,1,2,6.739193760206193,good,500000
3044,5,3.860186194020402,9,3,5.160818726762174,good,500000
2016,4,3.5514551030385366,50,3,7.270421696346644,fair,500000
2545,4,2.9329602052884445,17,1,6.552070623128842,excellent,500000
1751,3,2.145204961164541,15,2,3.5472436798429197,fair,490967
2259,3,2.2441741182336803,6,1,7.482463376332535,fair,418207
1895,3,2.159046065149717,9,0,7.716197968387565,good,500000
2077,6,4.739982570582615,45,2,5.00920598774772,good,500000
2476,1,1.0,21,2,7.130287314342487,good,500000
1345,5,3.433895274256094,30,1,5.215252643886202,good,500000
3673,4,2.679659123526242,12,1,6.646505565122503,good,500000
1195,3,2.5350922775920726,19,0,4.603252389567551,fair,376240
1028,4,3.5131840117745776,5,3,3.810340321198135,fair,426501
2926,3,2.2186652344387587,24,4,5.925774215580547,fair,500000
2633,5,3.6993534830429966,11,1,6.314406580587746,excellent,500000
2499,5,3.7710156489339544,11,1,5.903480459578094,fair,500000
2502,3,2.5985634907824573,20,3,4.7239541626661605,fair,413063
1990,3,1.9717940597428278,55,3,5.900151406803294,good,500000
1282,4,3.0715106948204354,1,2,6.903942128871101,excellent,500000
2060,5,4.042559288934729,34,1,6.432660454816195,good,500000
1458,3,2.4003282509819535,6,0,6.77375154589882,fair,370940
2780,4,3.056874484979623,11,2,5.49482719931865,good,500000
1882,4,3.3003138277701423,0,2,8.257576872074239,fair,452304
1339,4,2.189030312100229,7,0,4.73573999516783,good,400111
1742,2,1.7033625958592722,13,2,7.231340445630078,fair,360058
2330,4,2.803777295061773,1,0,8.272836639439943,excellent,500000
1549,5,3.200810130943063,13,3,7.221362139123343,good,500000
1342,2,1.6533607798574943,52,2,6.196213659402755,good,339441
2194,3,2.6620975635488873,2,0,5.707554430005532,excellent,500000
2195,6,4.458765445611692,28,2,8.054131476569385,fair,500000
1594,2,1.7858623641608817,10,2,4.365537612107491,good,381477
1623,5,4.2336834773965935,21,4,5.044813609430534,good,500000
2185,3,2.644474336075214,6,2,5.903663351762418,good,500000
841,3,2.7419893588114177,3,2,8.356480636267998,good,500000
874,5,3.9726382473215676,3,2,7.0696514540613435,excellent,500000
1425,3,2.272630091670478,1,2,5.047931362234632,excellent,500000
1829,3,1.7694102564308496,4,3,6.034538441922645,fair,417306
2248,3,2.1761812535610154,21,2,5.578515283855558,good,478900
3180,4,2.7470260214051425,42,2,5.435316511649697,fair,500000
2686,2,2.151282815249344,33,1,7.968334337835168,poor,477112
1872,3,2.197234256270299,23,2,4.442385306104741,good,500000
1984,5,3.786961442035346,2,3,8.91317128360156,good,500000
1197,3,2.41544561281214,6,3,7.742344535276934,good,500000
1985,4,3.0130807339117363,7,1,8.136292505905548,poor,403071
1769,3,2.7585153121292256,5,1,5.805590731962113,fair,466022
2258,4,2.8132051914796645,14,3,6.275088921381336,good,500000
1338,2,1.5583822365711728,15,3,4.350272278212932,fair,280238
2415,5,3.5272588242905853,8,1,5.713006389399796,excellent,500000
3226,3,1.8539932466337883,8,2,7.240482271464726,poor,474970
1912,3,2.066469272728414,35,2,8.444094592672094,poor,363033
2321,2,1.4888889608854763,31,3,4.839264774796322,excellent,500000
2552,2,1.371209332644822,7,1,5.951741094522101,good,500000
1679,3,2.042273706037843,49,1,6.273051169651216,excellent,500000
2179,3,1.8281047608984498,61,3,4.4063161967112725,good,500000
2010,4,2.9750683282113917,7,1,7.387023862637601,fair,500000
2078,3,1.7985838877906994,8,2,5.414014502386086,good,459607
1381,3,2.478016789106881,14,2,6.206914473234464,excellent,500000
2019,4,3.024731925880351,56,2,5.822075942132184,good,500000
2398,4,2.562734550160521,41,2,5.3159922414204885,poor,457943
3160,2,1.407237276885041,2,2,6.489432521779168,good,500000
2767,2,1.2743530783228252,9,1,6.176585632147966,good,500000
3722,1,1.0,16,2,5.942213176582001,excellent,500000
1386,4,3.402135133806943,13,3,5.407307567479486,poor,323121
2697,4,2.4374482591062767,4,3,6.979287006174433,fair,500000
2146,3,2.2845078237442253,39,1,8.980425902738428,good,500000
3751,4,2.9519601613300077,22,1,6.709830849258691,excellent,500000
1353,4,3.20140202293514,36,2,7.994177322366694,excellent,500000
1328,4,3.0639589884713065,39,2,4.414667112269806,excellent,500000
1520,5,3.5244092004783543,27,2,6.736642158940654,good,500000
500,3,2.1542838193000144,11,2,4.8539475215434,fair,293836
1579,2,1.2611922429589533,18,1,4.284612608702147,good,374582
1392,3,2.5728021415795794,3,0,5.390942888811446,fair,415088
2120,2,1.5063934946015827,22,2,8.287849001620359,good,500000
2273,3,2.820357205725902,3,2,7.925023743004468,fair,500000
3500,5,3.7318017558556136,23,1,6.8645070830816,fair,500000
2760,1,1.0,5,2,4.200949160165104,excellent,500000
1538,2,1.0458856822161517,2,2,6.205579022918095,good,395846
1281,3,1.7090580971232165,3,3,6.952550013352603,good,447783
2393,5,3.274759217098353,0,3,6.763304344367897,excellent,500000
943,3,2.330137995303445,25,2,3.7343096247788816,good,366968
3465,3,2.4026175069689804,26,1,5.164523227970192,good,500000
2943,1,1.0,14,2,6.403883353776925,poor,344449
1624,2,1.7685114942228346,3,1,7.304436364275785,good,477682
629,6,4.3550816844949685,1,2,3.20580826835008,fair,369995
3083,5,3.794037903595665,0,3,6.256814036780212,good,500000
1908,1,1.2336661884766273,3,2,6.714573154818429,fair,314788
2990,5,4.01905179475966,44,3,7.774417982774319,good,500000
724,4,2.91944080562825,5,2,7.539286376356155,fair,398803
1520,5,3.4826423323754137,8,1,7.373856978213208,good,500000
2004,3,1.6044553796012084,2,2,5.3000892399470985,good,500000
2037,3,2.034254004227274,5,2,3.637996794315039,good,426225
1639,3,2.186660928351692,14,2,5.910420864407898,good,500000
2498,4,2.703846141854645,18,2,8.00244773781284,excellent,500000
1145,2,1.4606229098723085,5,1,8.590181791286646,excellent,500000
1886,1,1.0,1,4,7.565823653446678,excellent,500000
2096,3,2.1825432054575766,9,1,7.144011234202601,fair,441043
2411,4,2.804999225752962,5,4,7.069459472578949,good,500000
2569,3,2.300596401590018,4,4,5.665821879858829,good,500000
1100,4,3.132582194870823,64,3,6.30490955966957,fair,338462
772,5,3.4228802767671462,19,2,9.003604288739496,good,500000
3022,2,1.923279713923881,16,2,5.086162991312186,good,500000
2265,4,2.9704235603147215,10,3,8.922168186064777,excellent,500000
1401,3,2.2556548868834545,11,2,6.016957768261912,poor,391012
3240,5,3.962464326976967,15,2,8.488148163642618,fair,500000
2092,2,1.5699648393790504,23,2,4.389777485753693,fair,369327
2943,4,3.2859409901739736,24,2,7.378856301746974,good,500000
2054,4,3.0861372495605472,3,2,5.3948447960785675,fair,448180
3648,5,3.5662687876078687,13,2,4.377099212113719,excellent,500000
3404,4,3.1084510575618305,10,2,6.827801063616419,excellent,500000
1800,3,1.9068821378038014,40,3,8.014207682893954,excellent,500000
2777,4,3.032567911732957,19,1,5.232587842109755,good,500000
2516,5,3.7400310028066617,15,3,4.251476059312398,good,500000
3094,4,2.937564942818238,2,2,6.362232853497567,good,500000
1228,1,1.0,18,3,6.368847006834228,excellent,433839
2548,5,3.185445286350708,2,2,7.3224794413317476,good,500000
2846,4,2.8353825276777114,8,3,7.924391857046732,fair,500000
593,4,3.0278534703423343,3,0,6.410877228091259,good,307412
1053,3,2.2979569175992203,23,3,9.283254972191394,fair,339781
500,4,2.6916974577222126,4,0,6.836352116802938,good,411462
1784,3,2.62971235225941,9,3,5.980360240989651,fair,484419
2574,4,2.74014754553565,45,4,4.082648961345758,good,500000
3201,2,1.790837160158021,4,2,6.106010719525749,good,500000
2059,4,3.1281583085615052,14,1,5.995419581883295,good,500000
3302,6,4.306131807046859,10,3,7.940457194422206,good,500000
895,1,1.2825932677828535,0,2,7.193725436100281,fair,358417
637,6,4.141908950473056,31,3,4.730946317551075,good,428356
1955,3,2.5257462520830005,1,1,6.7583815796165565,good,490735
2307,5,4.050174695412894,12,1,7.50729675759358,fair,482929
1973,4,2.7988139372770067,16,4,8.79204703908175,good,500000
500,4,3.4177395900192984,19,2,7.831255951121089,good,468866
1928,4,2.9249860456203143,23,3,7.641269981467216,good,500000
956,5,3.836608088783957,5,2,6.590128991922746,good,500000
2535,3,2.3280965516313663,0,2,7.082468008135175,good,500000
2293,3,2.2097073775588356,25,2,8.374257351059239,good,500000
1248,4,3.2432424819479344,15,2,4.500833903780525,poor,258804
1588,4,3.238046616165664,36,2,5.975841009174566,good,500000
1152,4,2.475440408028546,34,2,5.341146876865639,good,449550
1949,4,3.3913020728634455,37,2,7.068729678089186,good,500000
2764,3,1.7512524035892978,13,2,8.345333263476181,fair,500000
1211,4,3.309763861302497,8,3,5.60453856991839,fair,373755
2403,2,1.838011541048275,31,1,2.9145434487958433,good,397871
1575,3,1.9227100709354406,12,2,5.881668882463295,fair,354198
1365,1,1.0,4,1,7.87021059802611,good,404710
1914,3,1.9182885994542194,38,2,7.30644485442482,good,500000
1171,3,2.1855236909133793,42,2,7.142279371715864,excellent,500000
1557,3,2.1575897147442777,12,1,6.0800100471882805,good,500000
1041,4,3.233898159680802,1,1,4.58145389567032,good,332735
3571,3,2.6430926238358827,9,1,7.272941482436702,fair,500000
2028,3,2.668705143236987,32,2,5.2485772849480625,good,496889
1440,3,2.0813495920265095,46,3,9.776145100070684,poor,360544
2171,3,2.1872334378766416,4,0,7.3557608125317735,good,500000
1910,3,1.744968542333715,1,2,5.629027546169073,good,462841
1823,2,1.2582389800511433,41,2,5.582922128917057,good,500000
2491,4,3.2894554899292374,9,2,6.3605836900796175,excellent,500000
2606,4,3.4846748470644693,15,3,6.1407471169673755,good,500000
1575,4,2.6296953384360235,68,2,8.175250663294932,excellent,500000
1539,3,2.0722607222541316,1,2,6.77962425461607,good,425111
1779,3,2.242078272912322,20,0,5.402552391637208,good,400257
500,5,3.834048347645882,1,1,9.335661027733675,fair,340066
787,3,2.007118944023506,9,2,6.573962497280334,good,383550
3093,3,2.377218313339227,32,0,7.653259513953345,excellent,500000
3315,1,1.0,11,2,5.587660238832861,good,500000
1800,3,2.2456643187365164,100,2,7.044673441616785,fair,445902
2461,3,2.41388527440111,16,2,6.966664986714793,fair,439881
2249,3,2.2519266809432814,7,1,3.6655260618557706,good,500000
4463,4,2.8690842328420296,4,2,9.52291266569096,good,500000
2895,3,2.2171170588222506,8,2,8.43596669138382,excellent,500000
1897,4,2.9734911122383996,9,4,5.904207025781019,poor,322179
1235,4,2.8889966910353615,1,1,4.846595389316217,good,478586
714,4,2.9223611811998693,9,3,7.021342420705328,good,424085
2162,4,3.479594151151415,12,2,6.6300465491215945,good,500000
1394,5,3.9182758343823716,25,2,7.033503422844844,excellent,500000
862,1,1.0,21,2,6.7873660942911345,poor,247977
1482,2,1.7090863213532206,24,1,7.259361483958889,excellent,472357
1134,1,1.0,0,1,8.67095854908771,good,402132
3349,4,3.3519373912759924,4,2,7.352154807692969,good,500000
2705,5,3.860892657659428,21,2,4.925516751635088,fair,500000
1993,3,2.2178093567987314,13,3,8.543844279068677,fair,497128
3183,5,3.884315077743083,0,2,8.96092184523243,good,500000
2061,2,1.0287371543794501,32,1,10.0,good,500000
1310,5,3.4119697593270586,29,2,4.814758950140603,fair,415595
3218,3,1.8918224980802834,15,2,6.864323019725412,excellent,500000
2431,2,1.5428829284291121,1,2,3.376851945216519,good,500000
1170,3,2.7697544998455275,29,2,7.329723734568814,good,447718
1847,3,2.9193900438577898,17,3,5.677699552749841,poor,408999
1299,3,2.441415330432227,30,3,9.38516869223743,good,500000
893,3,2.400253342483337,27,2,5.338077544972127,fair,248568
2740,4,2.459682679754178,32,2,3.9662254430491073,good,500000
3527,3,2.0871978600797934,14,3,5.793104388946221,good,500000
881,3,2.0136648744275285,3,2,3.536768343174294,good,370203
2450,4,2.813745720524665,22,0,7.626649181760965,good,500000
1479,4,2.949556854424563,19,2,3.4023754306155194,good,500000
1610,3,2.1083728266908617,27,1,6.542686371774738,good,479067
1526,3,1.6562100568872637,3,2,3.383282270215705,excellent,477328
1308,2,1.72437307683526,4,2,6.019553293195037,fair,393941
2038,2,1.1781770922780581,44,2,8.965067233706801,poor,424700
1335,4,3.071774059233345,27,0,7.040971837153693,good,499349
2216,2,2.122224800924992,47,2,5.204759592552599,good,460179
1959,3,1.974184622524073,28,2,6.453194766591374,excellent,500000
1808,4,2.240913743176101,18,2,6.52702530806667,good,500000
1273,2,1.4141987334359667,21,2,7.208945518765108,fair,339367
1538,4,3.330287890499571,43,2,4.44971245507876,excellent,500000
2604,3,2.837504236266178,17,1,7.388850910770996,excellent,500000
2400,5,3.381135121664275,20,1,2.443412552595837,fair,500000
1217,3,2.3990097669709565,3,3,5.5551731714542845,good,434534
2079,4,2.8604068629659842,12,3,5.767589236322683,excellent,500000
2601,4,2.9682154937087595,25,2,7.4499902391068575,good,500000
664,1,1.5433030041051103,6,1,6.533946279015304,good,338836
2434,4,2.5491089014814543,4,2,4.39165541921557,good,500000
1469,5,3.8261218984483722,7,2,5.022510311274477,fair,439504
2456,4,3.14030795152963,5,3,6.798020014321111,fair,500000
1389,4,3.3257358974818043,4,1,6.381398987203165,good,474712
556,5,3.779394946041269,11,0,5.63131383554638,fair,348321
697,3,2.3424151618512306,47,2,5.778749315732031,good,430506
2038,3,2.1325054297734627,14,2,7.544251995738934,fair,468760
2207,4,3.080738082373532,4,2,5.723461140696178,good,500000
1276,3,2.1470423173507767,1,0,6.36786313395639,fair,460451
2510,4,3.1864715669568153,23,2,9.754904882120815,fair,500000
670,5,3.63911689918691,9,3,4.364476044674115,excellent,470465
1947,3,2.363130118170656,34,4,3.722235902638012,fair,411073
1031,3,2.2412211558945065,21,2,7.675384497197911,fair,402691
1478,4,3.33781507523165,31,2,5.482035408058845,fair,500000
2037,3,2.2345818829234543,6,1,6.022643708386069,good,467238
1311,4,2.4680902595379357,23,2,5.328265432803329,fair,458865
1692,3,2.6285764502141973,6,2,6.110299788848732,fair,500000
2805,4,2.7282803097412143,55,2,8.897807168144512,good,500000
1538,2,1.303870098405354,20,2,7.703192687927179,poor,315083
2668,4,2.8213016117869523,7,1,7.793335267830466,excellent,500000
1096,3,2.662331427951245,6,1,4.375659416311032,excellent,454610
2423,4,2.3592977358063916,4,2,4.773269395170696,good,500000
3153,2,2.441324560097998,23,1,2.2413820107718596,good,500000
500,4,3.3168170427198156,4,1,5.285928768375869,good,460764
1362,5,3.816971674238748,18,4,7.935054779578488,excellent,500000
2461,3,2.2335317998151143,6,2,7.2754197736225565,poor,325189
1837,2,1.585666222457297,21,2,6.167730105571814,excellent,500000
2296,1,1.0,33,3,6.46654957442292,excellent,500000
1516,4,3.193564675785017,30,4,5.466671686136891,excellent,500000
2069,4,3.1666813398010345,28,2,6.807138323602676,good,500000
1875,3,2.2768742043765746,4,3,7.648817419220922,fair,490919
2934,3,2.1907984739078024,1,2,4.07616981888429,good,500000
2203,3,2.2046180149039465,24,2,6.949471531756022,fair,500000
2270,4,2.9415275158941956,9,2,7.898652306432001,excellent,500000
1670,3,2.590131029060119,11,2,5.877349566554946,good,479139
1609,6,4.678067016684259,0,2,7.551050918180875,good,500000
1653,2,1.0,6,2,10.0,good,500000
2315,4,3.1967702329589285,0,1,6.343485810519662,excellent,500000
1663,3,2.3084208584156323,42,2,7.089960575007986,good,500000
2231,3,2.244387373066231,5,1,5.392914374507913,good,500000
3660,4,2.8834444640733343,16,2,6.771876743903076,fair,500000
2696,4,3.337233815995804,0,2,7.190407437473456,good,500000
1739,6,4.784257938636857,21,2,6.792263510405207,excellent,500000
2960,2,1.2681366996529173,7,3,4.970457020436715,good,500000
1673,2,1.6221156861373605,45,3,6.809542656988176,excellent,500000
500,4,2.7085029796376143,43,2,8.693293908076456,fair,279805
1193,4,2.586114550563321,7,2,7.172953646771791,good,500000
503,3,2.0619848326230104,46,2,7.942980783607761,excellent,479587
1718,2,1.7587180417148276,100,1,6.144482044981059,poor,325821
2014,2,1.785937513612826,34,0,7.624850359135566,good,457242
3341,5,3.9039256260291877,37,2,6.918901757324789,excellent,500000
2261,2,1.7175287360543992,5,2,5.073633905469152,good,480372
1824,3,2.4048534861344875,17,2,6.977781507198312,good,500000
2663,3,2.0575555214331143,1,3,5.012455004839534,fair,484687
500,3,2.379576763402182,1,1,5.550679587672812,fair,413027
2188,2,1.7401228575683048,100,1,6.783992460938562,poor,367540
2616,3,2.476287398944072,7,4,6.945866410070186,good,500000
817,2,1.8566740114423927,27,1,4.716151302384306,good,326329
2915,4,3.212491154160319,32,2,8.080978656774315,fair,500000
2270,3,2.3554344622624748,39,2,7.35800941745071,excellent,500000
1667,3,2.571045071494928,100,2,5.442907346583674,good,500000
2506,5,3.742043622225282,5,1,4.193622805326237,good,500000
3816,4,2.735437604631685,0,1,6.282643131377853,excellent,500000
2145,3,2.201079910816871,10,1,5.83108442920826,good,500000
2198,3,2.0265292065580653,2,2,6.669710685579534,fair,409725
1632,3,2.0474465175076855,0,2,5.95532500826665,fair,395086
1320,4,2.9566443987853446,8,1,3.4888147088824852,excellent,500000
2664,6,4.262274023700011,30,2,5.917479592548262,excellent,500000
1315,4,2.907611541108288,16,3,6.04157133339753,good,395695
2057,4,2.4319155999138644,7,0,7.4504915371610885,fair,474800
1617,4,3.0639881122118817,21,2,5.452700488083425,excellent,500000
2383,3,2.2503616426086674,5,2,9.01801201005885,fair,500000
2266,2,1.2548734106795427,0,2,3.6325391740223645,excellent,500000
2830,4,3.1977737005297215,28,2,8.466751246703936,good,500000
1591,5,4.031271041287967,19,2,6.163521543682843,good,500000
1784,2,1.0177320406893078,28,3,7.789377308515334,fair,488127
1216,4,2.7711825664301357,0,3,6.6197022260880996,good,448469
1644,3,2.0192572950638104,36,2,8.209333304038203,good,500000
2301,3,1.9680290696673406,19,2,5.918957053170783,good,500000
2605,2,1.7488424525795245,16,2,4.852069362233282,fair,387942
1262,3,2.191852158368159,19,2,8.630756430906594,fair,357380
2695,4,2.9206455476068167,39,2,6.3297790311767885,excellent,500000
3084,3,1.6488412906779741,17,1,6.832337710436316,fair,500000
2330,4,3.190625409062768,17,2,8.352127871067193,good,500000
3501,4,2.628222481543958,93,2,4.952067136858348,excellent,500000
1380,5,3.7679797890798983,28,2,7.393236346458886,good,500000
1004,3,2.3332130813874574,11,3,5.6151578653056635,excellent,477910
577,3,2.6581975787515955,24,0,6.301745966533442,fair,372215
3196,2,1.1073538802642664,9,2,6.608418448076433,fair,500000
2523,6,3.5941463532537523,5,1,4.249667207829596,excellent,500000
1955,5,3.8051548634261083,18,3,5.331744435769348,good,500000
2223,3,2.790153354453256,52,2,8.526609338619709,fair,500000
1099,4,3.3716839058818313,52,2,7.829286782877194,fair,407532
3956,3,2.3128978245823877,8,2,6.406040634009147,good,500000
2103,4,2.852509144310386,15,2,6.864685187769339,poor,431675
2087,2,1.742136778991193,4,3,6.058636241545313,good,500000
2580,4,2.7079361400886595,100,2,8.534875078741972,good,500000
2384,2,1.6429073308068658,79,2,6.199471133308754,fair,388748
2179,4,3.151641047749988,20,3,6.847763138202272,good,500000
1367,4,3.3180629722496637,32,2,8.219045216213097,good,499420
2377,4,3.8278980116733234,25,1,5.33394277273114,good,500000
3505,1,1.0,17,2,8.83818377674534,fair,500000
3076,3,2.0973109122877505,1,4,4.204307885384935,fair,500000
3274,3,2.242327706342402,12,2,8.944463196669197,good,500000
1591,3,1.7192772285332647,22,1,5.940986624072038,good,453024
1208,2,1.2915860606732825,22,2,6.135951878262078,good,386688
1899,5,3.627215268566069,9,2,3.6649847432255855,good,480385
2044,4,2.842773480619622,56,1,5.817807923933461,good,500000
2875,3,2.2957064616101164,3,2,4.940290203459673,fair,500000
646,3,2.00327402028534,13,4,5.588530481939791,good,389238
3223,3,2.5863092001973413,23,2,6.294033551316681,good,500000
1873,4,3.000062119475459,23,2,7.936687421709358,excellent,500000
1658,3,2.247209903658416,20,2,6.811405027100939,good,500000
1190,5,3.6516315850461245,6,1,6.961514980101671,fair,454672
676,3,2.296557205157694,3,3,4.856720916731657,good,426999
2658,6,4.74752947940029,20,2,5.178868865595905,excellent,500000
2058,5,3.48986093528673,18,2,9.198087527526969,good,500000
968,3,2.052565053277423,3,2,5.39719844785513,good,418974
963,5,3.6588821913670007,24,2,8.984312378085944,excellent,500000
1731,2,1.0962387229580355,12,2,6.1354082016787,good,453872
3335,4,2.7542226420835507,22,1,6.503431904215256,good,500000
1792,3,2.107133737936602,36,3,8.105547740344894,good,500000
797,5,4.012316754213818,3,3,8.407838632907985,good,500000
1803,5,3.8287683987005776,0,2,6.333781159581369,good,500000
1781,4,3.0580769734102633,30,4,5.9176354197176915,poor,444479
500,4,3.2552693886503916,18,1,6.4161193272166805,good,426402
1956,3,2.208788463480181,24,2,7.006936292348177,good,500000
1815,2,1.6171394549786668,36,2,7.836955530304634,good,500000
2556,3,2.219033474120251,32,2,6.506344788491227,good,500000
3479,2,1.5796087048198886,64,2,7.428329447034731,fair,500000
2901,4,2.8251724027165253,15,2,8.957539598406411,good,500000
1784,3,1.5183548525170711,13,1,7.071964418397177,fair,427076
1114,6,4.459716251344108,10,2,6.967479284007167,excellent,500000
4058,4,3.426824440829982,3,1,4.221633762364898,good,500000
2047,4,3.2778646206724775,17,2,2.553904794756405,fair,421518
2011,2,1.7896192453773512,6,1,7.0825635938452525,good,453347
1980,5,4.1208392165418655,50,1,6.357763653078692,good,500000
2158,5,3.776597277288431,17,2,5.727825987627887,good,500000
1884,3,2.3091947122216787,17,2,6.865295306279517,fair,467385
1541,4,2.814704431369695,8,3,6.409394406204638,excellent,500000
1562,4,2.9051781431918853,1,2,8.191670375950848,fair,492030
1973,2,1.6847313449313424,0,2,6.629166302388467,excellent,500000
1565,3,2.611165331150645,11,3,5.379615072394749,fair,475401
1429,3,2.2081661172957,1,2,7.985249358438933,good,500000
2085,2,1.3649432205445766,18,1,6.1743033875806965,fair,428138
1796,3,2.2501583876569793,42,2,7.2898050255084605,good,500000
3203,2,1.6803620246787345,42,3,5.783883940710799,fair,487558
500,1,1.0,21,2,5.525259671753846,excellent,297033
2873,2,1.0,4,2,6.6262523452785445,excellent,500000
2996,5,3.584838945152525,39,1,6.519242965315527,good,500000
500,3,1.8837862722257523,43,1,7.21974055305025,excellent,500000
1725,5,3.5975579407058067,4,2,6.097031370035387,excellent,500000
1702,3,2.2056659043547584,26,2,3.7454603243444042,fair,373221
873,3,2.114025477293096,6,1,5.850839174617417,poor,242584
1377,3,2.6857402603412237,32,3,7.6907277007157235,good,500000
1111,3,2.348023429380696,100,3,6.05393588113534,fair,433764
3401,2,1.5901423078832484,0,2,6.1304248962281775,good,500000
2748,4,3.1866621432130207,45,3,7.979564758858905,good,500000
3017,3,1.9083500646657692,19,1,5.432040159111616,fair,495918
2577,4,3.3117335362260807,72,2,4.18579517263565,good,500000
1096,4,2.977270714039362,12,2,6.259053320711758,poor,367298
1580,2,1.7011441851723639,37,3,5.773739073126895,good,445687
2391,2,1.1784428300879535,1,3,5.0506305203701185,good,500000
1022,4,2.533872370195181,8,2,6.236932316151964,excellent,500000
2570,3,2.4953668974075085,1,3,7.2372584708701755,excellent,500000
1807,2,1.612922857829255,74,1,6.486067157648276,excellent,500000
1700,6,4.2293845336927465,33,3,6.960471609029357,poor,474567
2568,2,1.2391010756175918,38,4,9.220111547773135,fair,470579
2355,4,3.3376304353244306,55,1,5.9856817076636535,fair,487642
1711,6,4.143176432139802,1,2,6.917522951967005,good,500000
2927,3,2.742801885976789,9,0,5.7361799561012985,good,500000
1135,2,1.2298137796056394,1,2,5.230460420169541,excellent,472857
2492,2,1.6915175776825149,4,2,5.6226385198733455,good,500000
2474,3,2.1514144572753047,5,2,5.7818621427174675,good,500000
1752,2,1.680956229324703,12,3,7.039213696320688,fair,431530
2260,4,2.8367657993657422,6,2,10.0,good,500000
999,2,1.4511621281783118,2,2,5.425934845586239,excellent,305920
2739,3,2.2622757526187165,3,3,5.875062041576806,excellent,500000
1852,6,4.199343763265558,3,4,6.405315480333128,excellent,500000
1581,4,3.222247303626038,72,0,7.0936982730646205,good,500000
2839,4,2.8460359300585245,28,4,6.895326217932178,fair,500000
1436,3,2.1814200253979945,68,1,8.426143690922176,good,481132
873,4,2.7016951876174464,11,3,2.8604118941971874,fair,260670
754,3,1.4812999023614069,6,2,2.9196051947064907,good,285219
2484,3,2.1926916712199493,32,1,5.756182741984776,good,500000
975,2,2.2237846264838748,7,2,8.145950281315564,excellent,500000
3403,5,3.985381286369407,7,2,4.151527952591605,fair,500000
500,3,2.2442218860796816,5,2,1.988551490459364,fair,274497
3357,2,1.4211327512375198,2,1,7.356769109328813,excellent,500000
2168,3,2.256739767843614,5,2,6.865485835554072,good,500000
1922,3,2.414135734552563,8,3,4.864687389800856,good,500000
1564,4,2.6457561554073465,22,2,5.021690598918605,good,468324
2319,4,3.3342965084006617,1,1,5.045384420547988,fair,500000
1969,4,3.214614394632373,4,2,6.665802976210911,good,500000
2882,1,1.0,33,0,5.560527085725489,good,500000
2091,3,2.3815427216429184,3,3,7.2410958784632795,excellent,500000
2120,3,2.255884997308197,8,3,2.218060005643413,excellent,500000
1709,1,1.0,39,2,5.214722202308301,excellent,500000
1954,3,2.427544240122413,3,2,4.8109190586334245,excellent,500000
2246,4,2.893787786717693,1,3,6.115488982441262,fair,500000
631,2,1.3279194681309296,13,2,5.692928362264793,fair,301359
921,3,2.280556888578596,7,3,7.69676566984365,excellent,500000
2594,3,2.714706045448556,16,2,3.7109948425099137,fair,443529
2136,1,1.0,32,3,6.568237214496128,excellent,414447
1852,3,1.809742420274268,2,2,7.3375046348175585,good,500000
2014,6,4.549428252370955,17,2,9.284971154842932,good,500000
2278,4,3.0152663105568056,14,4,5.777351043359787,good,500000
1568,5,3.8020024993111226,3,2,6.9866879065287755,good,500000
1377,3,2.32318595937255,19,2,3.7942058111564525,good,500000
2156,2,1.4330393236095584,6,1,2.9120656935304643,good,498691
1217,3,2.6969590315806244,13,2,7.76716156367255,poor,395799
2326,3,1.7697288064570453,1,2,6.4916595595278945,excellent,500000
637,4,2.7514508925659262,12,1,8.267769034697634,excellent,500000
2823,2,1.4690235719552858,7,1,4.439895666545376,excellent,500000
2378,3,1.7570433566537498,34,2,7.279853209293129,good,500000
2204,2,1.4472436786703786,1,3,9.303226760815779,excellent,500000
2786,3,2.7484410497184055,10,2,7.129558412535899,fair,500000
3332,4,3.0062659464887886,12,1,6.914872258386573,good,500000
2811,3,2.319210271715605,25,2,6.512834121236525,good,500000
527,3,1.871950570448226,17,1,4.143677814311132,good,393535
976,3,2.0650915775881566,22,2,8.533359403565523,excellent,500000
1500,3,2.137441085902819,30,1,5.583713540292401,excellent,500000
2020,4,2.9046854709731296,39,1,7.256724884574526,good,500000
2414,5,4.1344931385011305,7,1,4.155448540143119,good,500000
1419,5,3.9173073182175373,15,2,4.730810503238329,good,467935
2149,4,2.6665626129188906,36,1,8.652631098833353,excellent,500000
1395,3,2.3239514335296017,91,2,5.979046566563236,poor,248339
1510,4,3.1494665245490356,44,2,8.679913214063816,excellent,500000
874,3,2.59204471155638,9,2,6.382654011412224,fair,405659
1261,3,2.724162205970512,4,2,3.737153340563214,fair,274334
918,4,2.6954717424516392,13,3,7.838101399597581,good,500000
1219,1,1.0,27,1,5.615161523366588,excellent,500000
2842,5,3.372726642325615,13,2,7.548033220275565,excellent,500000
1240,3,2.1797940422679054,13,1,6.537816301310123,good,418696
4105,4,3.1399075123339,36,1,4.185322658085695,good,500000
2394,4,3.2962003549767305,8,2,6.746442148055854,fair,476906
2147,5,3.727214692907243,39,2,9.794334713229198,fair,500000
1313,4,2.9040457430235467,10,3,7.239479687771689,good,500000
2560,4,3.045527397674622,7,2,6.413723370491805,excellent,500000
1539,2,1.249457129510993,12,4,8.113015102935346,good,500000
2097,3,2.8768616165084318,28,0,6.816002697804667,fair,432331
4048,2,1.0177016918645825,2,1,6.814301345394192,good,500000
1923,4,3.0554221736687173,4,0,4.862562241761346,excellent,500000
2919,3,2.8570818657688917,60,1,6.850772038684397,fair,484352
1437,4,3.002039953367999,3,2,8.053165124625417,good,500000
1972,1,1.0,16,2,5.245906771849963,fair,336370
3416,2,1.3927663731568718,17,0,8.636743731870421,good,500000
1498,4,2.9458824954712775,13,3,6.362440963782311,excellent,500000
3449,2,1.911854542402959,20,3,5.168345732692189,fair,500000
2566,2,1.0,5,2,7.996448115380367,good,500000
1550,1,1.2100301103888977,16,1,6.069808646392596,good,383983
2505,5,3.3228128542649564,9,1,7.6392723312291615,good,500000
2778,4,2.9200043012296755,21,1,6.062362051612194,excellent,500000
2497,3,2.1212266739104013,3,1,6.4102607847051445,good,500000
743,3,2.426565980931216,16,2,7.240340306501437,excellent,447245
1418,3,1.7705626944348758,4,1,6.936345586385009,good,500000
1801,4,3.138651799824583,6,2,3.5067023293223922,good,500000
1940,4,3.607292886986056,4,4,4.818134389858413,fair,482957
2496,2,1.091047798622157,4,2,7.894114977186224,fair,445969
2142,2,1.5569118502831187,34,3,6.301795116647679,excellent,500000
931,2,1.3014053466610174,6,1,5.714403045842867,good,387855
2304,4,3.127766161857911,52,2,4.4621389771137885,good,500000
2488,4,3.0057443332247256,70,2,4.880395518086227,excellent,500000
2447,3,2.057553927286707,16,1,3.4673020400570786,fair,433866
2864,1,1.0,3,0,6.3480789219477005,fair,405654
2667,2,2.041304432936023,9,2,5.60234362912843,excellent,500000
2367,5,3.69272886248181,31,2,5.050118163522027,good,500000
1943,3,2.4659273826444545,9,2,6.397814862248071,excellent,500000
671,4,2.612018112638651,1,2,7.045955946279107,good,474999
2343,4,2.7130690869545973,16,2,9.639796898314916,excellent,500000
2166,3,2.3917218833641134,37,0,4.23217487065518,poor,432111
2217,3,2.6952348085607896,31,2,8.239071564950784,fair,500000
978,2,1.606684004635698,3,1,7.959652341522608,good,361719
1135,4,2.9060825908430536,22,1,5.331360890934949,good,500000
2842,4,2.999787421627006,4,4,6.804853931879046,fair,500000
1968,4,2.6248776798090847,4,2,5.813550125993578,good,500000
2545,3,2.4313545979066102,41,2,6.7785328706281085,excellent,500000
2022,1,1.0146999186970227,5,2,8.763696520106826,good,500000
2023,5,3.6143729001500757,6,2,7.40840934894697,fair,500000
